--
-- PostgreSQL database dump
--

\restrict I8gE9b18x9NGQ5BQuMbKVye54dlQDgVypvX2xahYjUnwg281aQ37u0epuykvPHI

-- Dumped from database version 14.19 (Ubuntu 14.19-1.pgdg24.04+1)
-- Dumped by pg_dump version 14.19 (Ubuntu 14.19-1.pgdg24.04+1)

SET statement_timeout = 0;
SET lock_timeout = 0;
SET idle_in_transaction_session_timeout = 0;
SET client_encoding = 'UTF8';
SET standard_conforming_strings = on;
SELECT pg_catalog.set_config('search_path', '', false);
SET check_function_bodies = false;
SET xmloption = content;
SET client_min_messages = warning;
SET row_security = off;

SET default_tablespace = '';

SET default_table_access_method = heap;

--
-- Name: api_mediacontent; Type: TABLE; Schema: public; Owner: postgres
--

CREATE TABLE public.api_mediacontent (
    media_id integer NOT NULL,
    title character varying(255) NOT NULL,
    description text NOT NULL,
    category character varying(20) NOT NULL,
    thumbnail_url character varying(200) NOT NULL,
    content_url character varying(200) NOT NULL,
    created_at timestamp with time zone NOT NULL
);


ALTER TABLE public.api_mediacontent OWNER TO postgres;

--
-- Name: api_mediacontent_media_id_seq; Type: SEQUENCE; Schema: public; Owner: postgres
--

ALTER TABLE public.api_mediacontent ALTER COLUMN media_id ADD GENERATED BY DEFAULT AS IDENTITY (
    SEQUENCE NAME public.api_mediacontent_media_id_seq
    START WITH 1
    INCREMENT BY 1
    NO MINVALUE
    NO MAXVALUE
    CACHE 1
);


--
-- Name: api_rating; Type: TABLE; Schema: public; Owner: postgres
--

CREATE TABLE public.api_rating (
    id bigint NOT NULL,
    score smallint NOT NULL,
    comment text NOT NULL,
    created_at timestamp with time zone NOT NULL,
    media_id integer NOT NULL,
    user_id integer NOT NULL,
    CONSTRAINT api_rating_score_check CHECK ((score >= 0))
);


ALTER TABLE public.api_rating OWNER TO postgres;

--
-- Name: api_rating_id_seq; Type: SEQUENCE; Schema: public; Owner: postgres
--

ALTER TABLE public.api_rating ALTER COLUMN id ADD GENERATED BY DEFAULT AS IDENTITY (
    SEQUENCE NAME public.api_rating_id_seq
    START WITH 1
    INCREMENT BY 1
    NO MINVALUE
    NO MAXVALUE
    CACHE 1
);


--
-- Name: api_userprofile; Type: TABLE; Schema: public; Owner: postgres
--

CREATE TABLE public.api_userprofile (
    id bigint NOT NULL,
    rating_count integer NOT NULL,
    created_at timestamp with time zone NOT NULL,
    user_id integer NOT NULL
);


ALTER TABLE public.api_userprofile OWNER TO postgres;

--
-- Name: api_userprofile_id_seq; Type: SEQUENCE; Schema: public; Owner: postgres
--

ALTER TABLE public.api_userprofile ALTER COLUMN id ADD GENERATED BY DEFAULT AS IDENTITY (
    SEQUENCE NAME public.api_userprofile_id_seq
    START WITH 1
    INCREMENT BY 1
    NO MINVALUE
    NO MAXVALUE
    CACHE 1
);


--
-- Name: auth_group; Type: TABLE; Schema: public; Owner: postgres
--

CREATE TABLE public.auth_group (
    id integer NOT NULL,
    name character varying(150) NOT NULL
);


ALTER TABLE public.auth_group OWNER TO postgres;

--
-- Name: auth_group_id_seq; Type: SEQUENCE; Schema: public; Owner: postgres
--

ALTER TABLE public.auth_group ALTER COLUMN id ADD GENERATED BY DEFAULT AS IDENTITY (
    SEQUENCE NAME public.auth_group_id_seq
    START WITH 1
    INCREMENT BY 1
    NO MINVALUE
    NO MAXVALUE
    CACHE 1
);


--
-- Name: auth_group_permissions; Type: TABLE; Schema: public; Owner: postgres
--

CREATE TABLE public.auth_group_permissions (
    id bigint NOT NULL,
    group_id integer NOT NULL,
    permission_id integer NOT NULL
);


ALTER TABLE public.auth_group_permissions OWNER TO postgres;

--
-- Name: auth_group_permissions_id_seq; Type: SEQUENCE; Schema: public; Owner: postgres
--

ALTER TABLE public.auth_group_permissions ALTER COLUMN id ADD GENERATED BY DEFAULT AS IDENTITY (
    SEQUENCE NAME public.auth_group_permissions_id_seq
    START WITH 1
    INCREMENT BY 1
    NO MINVALUE
    NO MAXVALUE
    CACHE 1
);


--
-- Name: auth_permission; Type: TABLE; Schema: public; Owner: postgres
--

CREATE TABLE public.auth_permission (
    id integer NOT NULL,
    name character varying(255) NOT NULL,
    content_type_id integer NOT NULL,
    codename character varying(100) NOT NULL
);


ALTER TABLE public.auth_permission OWNER TO postgres;

--
-- Name: auth_permission_id_seq; Type: SEQUENCE; Schema: public; Owner: postgres
--

ALTER TABLE public.auth_permission ALTER COLUMN id ADD GENERATED BY DEFAULT AS IDENTITY (
    SEQUENCE NAME public.auth_permission_id_seq
    START WITH 1
    INCREMENT BY 1
    NO MINVALUE
    NO MAXVALUE
    CACHE 1
);


--
-- Name: auth_user; Type: TABLE; Schema: public; Owner: postgres
--

CREATE TABLE public.auth_user (
    id integer NOT NULL,
    password character varying(128) NOT NULL,
    last_login timestamp with time zone,
    is_superuser boolean NOT NULL,
    username character varying(150) NOT NULL,
    first_name character varying(150) NOT NULL,
    last_name character varying(150) NOT NULL,
    email character varying(254) NOT NULL,
    is_staff boolean NOT NULL,
    is_active boolean NOT NULL,
    date_joined timestamp with time zone NOT NULL
);


ALTER TABLE public.auth_user OWNER TO postgres;

--
-- Name: auth_user_groups; Type: TABLE; Schema: public; Owner: postgres
--

CREATE TABLE public.auth_user_groups (
    id bigint NOT NULL,
    user_id integer NOT NULL,
    group_id integer NOT NULL
);


ALTER TABLE public.auth_user_groups OWNER TO postgres;

--
-- Name: auth_user_groups_id_seq; Type: SEQUENCE; Schema: public; Owner: postgres
--

ALTER TABLE public.auth_user_groups ALTER COLUMN id ADD GENERATED BY DEFAULT AS IDENTITY (
    SEQUENCE NAME public.auth_user_groups_id_seq
    START WITH 1
    INCREMENT BY 1
    NO MINVALUE
    NO MAXVALUE
    CACHE 1
);


--
-- Name: auth_user_id_seq; Type: SEQUENCE; Schema: public; Owner: postgres
--

ALTER TABLE public.auth_user ALTER COLUMN id ADD GENERATED BY DEFAULT AS IDENTITY (
    SEQUENCE NAME public.auth_user_id_seq
    START WITH 1
    INCREMENT BY 1
    NO MINVALUE
    NO MAXVALUE
    CACHE 1
);


--
-- Name: auth_user_user_permissions; Type: TABLE; Schema: public; Owner: postgres
--

CREATE TABLE public.auth_user_user_permissions (
    id bigint NOT NULL,
    user_id integer NOT NULL,
    permission_id integer NOT NULL
);


ALTER TABLE public.auth_user_user_permissions OWNER TO postgres;

--
-- Name: auth_user_user_permissions_id_seq; Type: SEQUENCE; Schema: public; Owner: postgres
--

ALTER TABLE public.auth_user_user_permissions ALTER COLUMN id ADD GENERATED BY DEFAULT AS IDENTITY (
    SEQUENCE NAME public.auth_user_user_permissions_id_seq
    START WITH 1
    INCREMENT BY 1
    NO MINVALUE
    NO MAXVALUE
    CACHE 1
);


--
-- Name: django_admin_log; Type: TABLE; Schema: public; Owner: postgres
--

CREATE TABLE public.django_admin_log (
    id integer NOT NULL,
    action_time timestamp with time zone NOT NULL,
    object_id text,
    object_repr character varying(200) NOT NULL,
    action_flag smallint NOT NULL,
    change_message text NOT NULL,
    content_type_id integer,
    user_id integer NOT NULL,
    CONSTRAINT django_admin_log_action_flag_check CHECK ((action_flag >= 0))
);


ALTER TABLE public.django_admin_log OWNER TO postgres;

--
-- Name: django_admin_log_id_seq; Type: SEQUENCE; Schema: public; Owner: postgres
--

ALTER TABLE public.django_admin_log ALTER COLUMN id ADD GENERATED BY DEFAULT AS IDENTITY (
    SEQUENCE NAME public.django_admin_log_id_seq
    START WITH 1
    INCREMENT BY 1
    NO MINVALUE
    NO MAXVALUE
    CACHE 1
);


--
-- Name: django_content_type; Type: TABLE; Schema: public; Owner: postgres
--

CREATE TABLE public.django_content_type (
    id integer NOT NULL,
    app_label character varying(100) NOT NULL,
    model character varying(100) NOT NULL
);


ALTER TABLE public.django_content_type OWNER TO postgres;

--
-- Name: django_content_type_id_seq; Type: SEQUENCE; Schema: public; Owner: postgres
--

ALTER TABLE public.django_content_type ALTER COLUMN id ADD GENERATED BY DEFAULT AS IDENTITY (
    SEQUENCE NAME public.django_content_type_id_seq
    START WITH 1
    INCREMENT BY 1
    NO MINVALUE
    NO MAXVALUE
    CACHE 1
);


--
-- Name: django_migrations; Type: TABLE; Schema: public; Owner: postgres
--

CREATE TABLE public.django_migrations (
    id bigint NOT NULL,
    app character varying(255) NOT NULL,
    name character varying(255) NOT NULL,
    applied timestamp with time zone NOT NULL
);


ALTER TABLE public.django_migrations OWNER TO postgres;

--
-- Name: django_migrations_id_seq; Type: SEQUENCE; Schema: public; Owner: postgres
--

ALTER TABLE public.django_migrations ALTER COLUMN id ADD GENERATED BY DEFAULT AS IDENTITY (
    SEQUENCE NAME public.django_migrations_id_seq
    START WITH 1
    INCREMENT BY 1
    NO MINVALUE
    NO MAXVALUE
    CACHE 1
);


--
-- Name: django_session; Type: TABLE; Schema: public; Owner: postgres
--

CREATE TABLE public.django_session (
    session_key character varying(40) NOT NULL,
    session_data text NOT NULL,
    expire_date timestamp with time zone NOT NULL
);


ALTER TABLE public.django_session OWNER TO postgres;

--
-- Name: token_blacklist_blacklistedtoken; Type: TABLE; Schema: public; Owner: postgres
--

CREATE TABLE public.token_blacklist_blacklistedtoken (
    id bigint NOT NULL,
    blacklisted_at timestamp with time zone NOT NULL,
    token_id bigint NOT NULL
);


ALTER TABLE public.token_blacklist_blacklistedtoken OWNER TO postgres;

--
-- Name: token_blacklist_blacklistedtoken_id_seq; Type: SEQUENCE; Schema: public; Owner: postgres
--

ALTER TABLE public.token_blacklist_blacklistedtoken ALTER COLUMN id ADD GENERATED BY DEFAULT AS IDENTITY (
    SEQUENCE NAME public.token_blacklist_blacklistedtoken_id_seq
    START WITH 1
    INCREMENT BY 1
    NO MINVALUE
    NO MAXVALUE
    CACHE 1
);


--
-- Name: token_blacklist_outstandingtoken; Type: TABLE; Schema: public; Owner: postgres
--

CREATE TABLE public.token_blacklist_outstandingtoken (
    id bigint NOT NULL,
    token text NOT NULL,
    created_at timestamp with time zone,
    expires_at timestamp with time zone NOT NULL,
    user_id integer,
    jti character varying(255) NOT NULL
);


ALTER TABLE public.token_blacklist_outstandingtoken OWNER TO postgres;

--
-- Name: token_blacklist_outstandingtoken_id_seq; Type: SEQUENCE; Schema: public; Owner: postgres
--

ALTER TABLE public.token_blacklist_outstandingtoken ALTER COLUMN id ADD GENERATED BY DEFAULT AS IDENTITY (
    SEQUENCE NAME public.token_blacklist_outstandingtoken_id_seq
    START WITH 1
    INCREMENT BY 1
    NO MINVALUE
    NO MAXVALUE
    CACHE 1
);


--
-- Data for Name: api_mediacontent; Type: TABLE DATA; Schema: public; Owner: postgres
--

COPY public.api_mediacontent (media_id, title, description, category, thumbnail_url, content_url, created_at) FROM stdin;
1	New gameplay	New gameplay for season 1	video	http://example.com/thumb.png	http://example.com/gameplayS1.mp4	2025-11-10 15:51:40.083386-05
2	Launch Trailer	New launch trailer for season 2	video	http://example.com/thumbS2.png	http://example.com/gameplayS2.mp4	2025-11-10 15:52:28.738389-05
3	Launch Trailer	New launch trailer for season 3	video	http://example.com/thumbS3.png	http://example.com/gameplayS3.mp4	2025-11-10 17:39:19.500486-05
4	Launch Trailer	New launch trailer for season 4	video	http://example.com/thumbS4.png	http://example.com/gameplayS4.mp4	2025-11-10 17:39:50.33577-05
5	Launch Trailer	New launch trailer for season 5	video	http://example.com/thumbS5.png	http://example.com/gameplayS5.mp4	2025-11-10 17:39:55.841268-05
\.


--
-- Data for Name: api_rating; Type: TABLE DATA; Schema: public; Owner: postgres
--

COPY public.api_rating (id, score, comment, created_at, media_id, user_id) FROM stdin;
4	5	Comment	2025-11-10 16:41:37.961279-05	2	1
5	3	Regular comment	2025-11-10 16:45:19.064454-05	2	4
6	3	Regular comment	2025-11-10 16:46:03.255914-05	2	4
7	3	Regular comment	2025-11-10 16:46:05.250158-05	2	4
8	3	New regular comment	2025-11-10 16:46:08.610098-05	2	4
9	4	Good comment	2025-11-10 17:42:12.685229-05	1	4
10	4	Good comment	2025-11-10 17:43:08.282448-05	1	3
11	4	Good comment	2025-11-10 17:43:18.58794-05	4	3
\.


--
-- Data for Name: api_userprofile; Type: TABLE DATA; Schema: public; Owner: postgres
--

COPY public.api_userprofile (id, rating_count, created_at, user_id) FROM stdin;
2	0	2025-11-10 16:20:03.140581-05	4
1	5	2025-11-10 16:19:24.497674-05	3
\.


--
-- Data for Name: auth_group; Type: TABLE DATA; Schema: public; Owner: postgres
--

COPY public.auth_group (id, name) FROM stdin;
\.


--
-- Data for Name: auth_group_permissions; Type: TABLE DATA; Schema: public; Owner: postgres
--

COPY public.auth_group_permissions (id, group_id, permission_id) FROM stdin;
\.


--
-- Data for Name: auth_permission; Type: TABLE DATA; Schema: public; Owner: postgres
--

COPY public.auth_permission (id, name, content_type_id, codename) FROM stdin;
1	Can add log entry	1	add_logentry
2	Can change log entry	1	change_logentry
3	Can delete log entry	1	delete_logentry
4	Can view log entry	1	view_logentry
5	Can add permission	2	add_permission
6	Can change permission	2	change_permission
7	Can delete permission	2	delete_permission
8	Can view permission	2	view_permission
9	Can add group	3	add_group
10	Can change group	3	change_group
11	Can delete group	3	delete_group
12	Can view group	3	view_group
13	Can add user	4	add_user
14	Can change user	4	change_user
15	Can delete user	4	delete_user
16	Can view user	4	view_user
17	Can add content type	5	add_contenttype
18	Can change content type	5	change_contenttype
19	Can delete content type	5	delete_contenttype
20	Can view content type	5	view_contenttype
21	Can add session	6	add_session
22	Can change session	6	change_session
23	Can delete session	6	delete_session
24	Can view session	6	view_session
25	Can add media content	7	add_mediacontent
26	Can change media content	7	change_mediacontent
27	Can delete media content	7	delete_mediacontent
28	Can view media content	7	view_mediacontent
29	Can add user	8	add_user
30	Can change user	8	change_user
31	Can delete user	8	delete_user
32	Can view user	8	view_user
33	Can add rating	9	add_rating
34	Can change rating	9	change_rating
35	Can delete rating	9	delete_rating
36	Can view rating	9	view_rating
37	Can add Blacklisted Token	10	add_blacklistedtoken
38	Can change Blacklisted Token	10	change_blacklistedtoken
39	Can delete Blacklisted Token	10	delete_blacklistedtoken
40	Can view Blacklisted Token	10	view_blacklistedtoken
41	Can add Outstanding Token	11	add_outstandingtoken
42	Can change Outstanding Token	11	change_outstandingtoken
43	Can delete Outstanding Token	11	delete_outstandingtoken
44	Can view Outstanding Token	11	view_outstandingtoken
45	Can add user profile	12	add_userprofile
46	Can change user profile	12	change_userprofile
47	Can delete user profile	12	delete_userprofile
48	Can view user profile	12	view_userprofile
\.


--
-- Data for Name: auth_user; Type: TABLE DATA; Schema: public; Owner: postgres
--

COPY public.auth_user (id, password, last_login, is_superuser, username, first_name, last_name, email, is_staff, is_active, date_joined) FROM stdin;
1	pbkdf2_sha256$1000000$SAJJOMqwurm3DsAJLgg6Nz$JSuUKQW0i17JT7znMsVQJ+GBkAgq9m/kPASrgl5bl9s=	\N	f	Juan_Perez2			juanperez@example.com	f	t	2025-11-10 15:37:28.735844-05
2	pbkdf2_sha256$1000000$CE09HyltWjLoYcABJGhRlR$5NcjqrJ7XdBtSZaLiW/dGlaz3ZvwfoKioETiKFqr85g=	\N	f	Juan_Perez			juanperez@example.com	f	t	2025-11-10 15:47:18.913325-05
3	pbkdf2_sha256$1000000$Ui4N6CY5C76F9EpB3enDar$pd75we8NaWTeVRUZR6Jzitx7X2br+ugPHCaFPSO2IY0=	\N	f	Juan_Perez3			juanperez@example.com	f	t	2025-11-10 16:19:23.858793-05
4	pbkdf2_sha256$1000000$1H6QzeW10CVndQ5SylRrqE$3jKmJ8O9g2vabORNJp8PjiSXFW/z5qjlLrpYgPLyTWY=	\N	f	Juan_Perez4			juanperez@example.com	f	t	2025-11-10 16:20:02.446071-05
\.


--
-- Data for Name: auth_user_groups; Type: TABLE DATA; Schema: public; Owner: postgres
--

COPY public.auth_user_groups (id, user_id, group_id) FROM stdin;
\.


--
-- Data for Name: auth_user_user_permissions; Type: TABLE DATA; Schema: public; Owner: postgres
--

COPY public.auth_user_user_permissions (id, user_id, permission_id) FROM stdin;
\.


--
-- Data for Name: django_admin_log; Type: TABLE DATA; Schema: public; Owner: postgres
--

COPY public.django_admin_log (id, action_time, object_id, object_repr, action_flag, change_message, content_type_id, user_id) FROM stdin;
\.


--
-- Data for Name: django_content_type; Type: TABLE DATA; Schema: public; Owner: postgres
--

COPY public.django_content_type (id, app_label, model) FROM stdin;
1	admin	logentry
2	auth	permission
3	auth	group
4	auth	user
5	contenttypes	contenttype
6	sessions	session
7	api	mediacontent
8	api	user
9	api	rating
10	token_blacklist	blacklistedtoken
11	token_blacklist	outstandingtoken
12	api	userprofile
\.


--
-- Data for Name: django_migrations; Type: TABLE DATA; Schema: public; Owner: postgres
--

COPY public.django_migrations (id, app, name, applied) FROM stdin;
1	contenttypes	0001_initial	2025-11-10 15:16:06.230718-05
2	auth	0001_initial	2025-11-10 15:16:06.316543-05
3	admin	0001_initial	2025-11-10 15:16:06.356754-05
4	admin	0002_logentry_remove_auto_add	2025-11-10 15:16:06.379187-05
5	admin	0003_logentry_add_action_flag_choices	2025-11-10 15:16:06.405843-05
6	api	0001_initial	2025-11-10 15:16:06.501846-05
7	contenttypes	0002_remove_content_type_name	2025-11-10 15:16:06.572025-05
8	auth	0002_alter_permission_name_max_length	2025-11-10 15:16:06.60203-05
9	auth	0003_alter_user_email_max_length	2025-11-10 15:16:06.633762-05
10	auth	0004_alter_user_username_opts	2025-11-10 15:16:06.662887-05
11	auth	0005_alter_user_last_login_null	2025-11-10 15:16:06.701545-05
12	auth	0006_require_contenttypes_0002	2025-11-10 15:16:06.70588-05
13	auth	0007_alter_validators_add_error_messages	2025-11-10 15:16:06.734826-05
14	auth	0008_alter_user_username_max_length	2025-11-10 15:16:06.773947-05
15	auth	0009_alter_user_last_name_max_length	2025-11-10 15:16:06.806236-05
16	auth	0010_alter_group_name_max_length	2025-11-10 15:16:06.846463-05
17	auth	0011_update_proxy_permissions	2025-11-10 15:16:06.88269-05
18	auth	0012_alter_user_first_name_max_length	2025-11-10 15:16:06.91397-05
19	sessions	0001_initial	2025-11-10 15:16:06.945374-05
20	token_blacklist	0001_initial	2025-11-10 15:16:07.052617-05
21	token_blacklist	0002_outstandingtoken_jti_hex	2025-11-10 15:16:07.07898-05
22	token_blacklist	0003_auto_20171017_2007	2025-11-10 15:16:07.124899-05
23	token_blacklist	0004_auto_20171017_2013	2025-11-10 15:16:07.167362-05
24	token_blacklist	0005_remove_outstandingtoken_jti	2025-11-10 15:16:07.195662-05
25	token_blacklist	0006_auto_20171017_2113	2025-11-10 15:16:07.228868-05
26	token_blacklist	0007_auto_20171017_2214	2025-11-10 15:16:07.31287-05
27	token_blacklist	0008_migrate_to_bigautofield	2025-11-10 15:16:07.435003-05
28	token_blacklist	0010_fix_migrate_to_bigautofield	2025-11-10 15:16:07.482357-05
29	token_blacklist	0011_linearizes_history	2025-11-10 15:16:07.486722-05
30	token_blacklist	0012_alter_outstandingtoken_user	2025-11-10 15:16:07.516761-05
31	token_blacklist	0013_alter_blacklistedtoken_options_and_more	2025-11-10 15:16:07.570909-05
32	api	0002_alter_user_last_login	2025-11-10 15:19:13.092308-05
33	api	0003_remove_rating_media_remove_rating_user_and_more	2025-11-10 15:37:18.28958-05
34	api	0004_initial	2025-11-10 15:37:18.344432-05
\.


--
-- Data for Name: django_session; Type: TABLE DATA; Schema: public; Owner: postgres
--

COPY public.django_session (session_key, session_data, expire_date) FROM stdin;
\.


--
-- Data for Name: token_blacklist_blacklistedtoken; Type: TABLE DATA; Schema: public; Owner: postgres
--

COPY public.token_blacklist_blacklistedtoken (id, blacklisted_at, token_id) FROM stdin;
\.


--
-- Data for Name: token_blacklist_outstandingtoken; Type: TABLE DATA; Schema: public; Owner: postgres
--

COPY public.token_blacklist_outstandingtoken (id, token, created_at, expires_at, user_id, jti) FROM stdin;
1	eyJhbGciOiJIUzI1NiIsInR5cCI6IkpXVCJ9.eyJ0b2tlbl90eXBlIjoicmVmcmVzaCIsImV4cCI6MTc2Mjg5MzQ0OSwiaWF0IjoxNzYyODA3MDQ5LCJqdGkiOiIyZjUyY2VjYTQ3ZmU0MzlmOTVhN2ZiYjIyZmVhZDU0MCIsInVzZXJfaWQiOiIxIn0.T2a-TezwOuAq1dVpP3J6lwP-3Ml0FpIbNF2trml_lf4	2025-11-10 15:37:29.45614-05	2025-11-11 15:37:29-05	1	2f52ceca47fe439f95a7fbb22fead540
2	eyJhbGciOiJIUzI1NiIsInR5cCI6IkpXVCJ9.eyJ0b2tlbl90eXBlIjoicmVmcmVzaCIsImV4cCI6MTc2Mjg5NDAyOCwiaWF0IjoxNzYyODA3NjI4LCJqdGkiOiJjNmJlNDM0NDc2ZGI0NGRiODhlMjNjZTY5ODk2MGJkNyIsInVzZXJfaWQiOiIxIn0.x0EIhXHW1ivFBzTvV4PmHIjL_GjMgePWFwvRFSXFyfM	2025-11-10 15:47:08.697698-05	2025-11-11 15:47:08-05	1	c6be434476db44db88e23ce698960bd7
3	eyJhbGciOiJIUzI1NiIsInR5cCI6IkpXVCJ9.eyJ0b2tlbl90eXBlIjoicmVmcmVzaCIsImV4cCI6MTc2Mjg5NDAzOSwiaWF0IjoxNzYyODA3NjM5LCJqdGkiOiI4MjE1ZjQwOTA5Zjk0OWU3ODMzMzBlYzNhZTA3MGFhNCIsInVzZXJfaWQiOiIyIn0.ZeNDJw-gUCyZ1rMq-HugU7YPCXiBLbC8w1pgi96M3Rk	2025-11-10 15:47:19.641029-05	2025-11-11 15:47:19-05	2	8215f40909f949e783330ec3ae070aa4
4	eyJhbGciOiJIUzI1NiIsInR5cCI6IkpXVCJ9.eyJ0b2tlbl90eXBlIjoicmVmcmVzaCIsImV4cCI6MTc2Mjg5NDA0MiwiaWF0IjoxNzYyODA3NjQyLCJqdGkiOiI0NDc3MmNiMTkzZDc0ZGE5YWUxZTc2OGYwYmZjYTk3MiIsInVzZXJfaWQiOiIxIn0.hG0vDfZDItpm0nH2sL17gepgEfPtmc37BMXUGtAlVqo	2025-11-10 15:47:22.910704-05	2025-11-11 15:47:22-05	1	44772cb193d74da9ae1e768f0bfca972
5	eyJhbGciOiJIUzI1NiIsInR5cCI6IkpXVCJ9.eyJ0b2tlbl90eXBlIjoicmVmcmVzaCIsImV4cCI6MTc2Mjg5NDA1MywiaWF0IjoxNzYyODA3NjUzLCJqdGkiOiJmZDhhYzk0NmJjMGI0YjYxODgyYzkwZTc4Y2M4YWU4YSIsInVzZXJfaWQiOiIyIn0.HdAKppErXg534g9mSR67JLKZNO2vym0xr0mPidkFJIE	2025-11-10 15:47:33.619742-05	2025-11-11 15:47:33-05	2	fd8ac946bc0b4b61882c90e78cc8ae8a
6	eyJhbGciOiJIUzI1NiIsInR5cCI6IkpXVCJ9.eyJ0b2tlbl90eXBlIjoicmVmcmVzaCIsImV4cCI6MTc2Mjg5NDA5NSwiaWF0IjoxNzYyODA3Njk1LCJqdGkiOiJhYWE5ODk0ZGJiMjU0ZmI0YTkwMDRkMzE2ZTBhOTU5ZCIsInVzZXJfaWQiOiIyIn0.VvF2jhi3vOEBks8DB3vekx_PG6rO09FJZKYOacvPbuU	2025-11-10 15:48:15.79541-05	2025-11-11 15:48:15-05	2	aaa9894dbb254fb4a9004d316e0a959d
7	eyJhbGciOiJIUzI1NiIsInR5cCI6IkpXVCJ9.eyJ0b2tlbl90eXBlIjoicmVmcmVzaCIsImV4cCI6MTc2Mjg5NTgxNCwiaWF0IjoxNzYyODA5NDE0LCJqdGkiOiI3MTY1NzRjZTdmMTE0MGI1YmZlMjdlYzJmMWQ0NWFkMyIsInVzZXJfaWQiOiIyIn0.32i2yZTd113BgAF2y7hJuZH9kuIg1ci0WBOTGDcM5ig	2025-11-10 16:16:54.720115-05	2025-11-11 16:16:54-05	2	716574ce7f1140b5bfe27ec2f1d45ad3
8	eyJhbGciOiJIUzI1NiIsInR5cCI6IkpXVCJ9.eyJ0b2tlbl90eXBlIjoicmVmcmVzaCIsImV4cCI6MTc2Mjg5NTk2NCwiaWF0IjoxNzYyODA5NTY0LCJqdGkiOiJiZTg2MjMwOGQyZjQ0N2ZlOThmMjIyMWE4NDgwOThiNiIsInVzZXJfaWQiOiIzIn0.Mx5tA6eKICYn_1ONy7DgEYY4kFaXy7HFtCuptW0V1PA	2025-11-10 16:19:24.499039-05	2025-11-11 16:19:24-05	3	be862308d2f447fe98f2221a848098b6
9	eyJhbGciOiJIUzI1NiIsInR5cCI6IkpXVCJ9.eyJ0b2tlbl90eXBlIjoicmVmcmVzaCIsImV4cCI6MTc2Mjg5Njc4MywiaWF0IjoxNzYyODEwMzgzLCJqdGkiOiJjMDg5NjkwYzhhMmM0N2UzOGQwZWU0MjA5Njg5OTk0MCIsInVzZXJfaWQiOiIyIn0.NZSbA_MukR7fQesjrrLMsSBZ8qYjc31WAWvYMHoBqzw	2025-11-10 16:33:03.484403-05	2025-11-11 16:33:03-05	2	c089690c8a2c47e38d0ee42096899940
10	eyJhbGciOiJIUzI1NiIsInR5cCI6IkpXVCJ9.eyJ0b2tlbl90eXBlIjoicmVmcmVzaCIsImV4cCI6MTc2Mjg5NzQ1NiwiaWF0IjoxNzYyODExMDU2LCJqdGkiOiIwZGIzY2Y3OGI2NmM0Mjk1ODE4NzVlMjM4M2UwZjFkMiIsInVzZXJfaWQiOiIxIn0.7oiWcE5IC9vwOFuxnWflMkmC7L6aNVlwpWuj5Y0DLSI	2025-11-10 16:44:16.130143-05	2025-11-11 16:44:16-05	1	0db3cf78b66c429581875e2383e0f1d2
11	eyJhbGciOiJIUzI1NiIsInR5cCI6IkpXVCJ9.eyJ0b2tlbl90eXBlIjoicmVmcmVzaCIsImV4cCI6MTc2Mjg5Nzc1OSwiaWF0IjoxNzYyODExMzU5LCJqdGkiOiJlMGRhMjJkMzUwY2E0ZjM4YWZkN2M1ZDdmNTQzNjBkMyIsInVzZXJfaWQiOiIxIn0.zOQBhs3ZWAp8nwj1TgB0UBvH1H6qqNi3btfoyGtI_z4	2025-11-10 16:49:19.638386-05	2025-11-11 16:49:19-05	1	e0da22d350ca4f38afd7c5d7f54360d3
12	eyJhbGciOiJIUzI1NiIsInR5cCI6IkpXVCJ9.eyJ0b2tlbl90eXBlIjoicmVmcmVzaCIsImV4cCI6MTc2Mjg5ODY5MSwiaWF0IjoxNzYyODEyMjkxLCJqdGkiOiI2MmEwYTQ5NjRkN2I0MDE1YmFlMGViMThmOGQ1YWEzNCIsInVzZXJfaWQiOiIxIn0.cIG5LRyj1QdxYiiWyRGrU_l2icJn1tfWddvjni_9mgk	2025-11-10 17:04:51.39697-05	2025-11-11 17:04:51-05	1	62a0a4964d7b4015bae0eb18f8d5aa34
13	eyJhbGciOiJIUzI1NiIsInR5cCI6IkpXVCJ9.eyJ0b2tlbl90eXBlIjoicmVmcmVzaCIsImV4cCI6MTc2Mjg5OTQ1NywiaWF0IjoxNzYyODEzMDU3LCJqdGkiOiJlZDhjZmI1NTRjNTk0OTA1YmE0YjhkZTdmMzZmZjE4NiIsInVzZXJfaWQiOiIyIn0.xTQ1hAy-EWLpUHUSXwtaeUfQ7GINmraCc7JttJ6iNhY	2025-11-10 17:17:37.502049-05	2025-11-11 17:17:37-05	2	ed8cfb554c594905ba4b8de7f36ff186
14	eyJhbGciOiJIUzI1NiIsInR5cCI6IkpXVCJ9.eyJ0b2tlbl90eXBlIjoicmVmcmVzaCIsImV4cCI6MTc2MjkwMDMyMiwiaWF0IjoxNzYyODEzOTIyLCJqdGkiOiJhNGQwOWE4ZTI1MjY0ZmM2YWMxNmRjNWY2ZTI1ODk3MSIsInVzZXJfaWQiOiIxIn0.7ZqB8bnGZsjwLvg7rFqZS9Ef-4TxtsdV0aozf2faJeg	2025-11-10 17:32:02.451274-05	2025-11-11 17:32:02-05	1	a4d09a8e25264fc6ac16dc5f6e258971
15	eyJhbGciOiJIUzI1NiIsInR5cCI6IkpXVCJ9.eyJ0b2tlbl90eXBlIjoicmVmcmVzaCIsImV4cCI6MTc2MjkwMDc1MCwiaWF0IjoxNzYyODE0MzUwLCJqdGkiOiJhZjIwMjVlZmZiMjk0NzJlYmJlM2VkOTBhNDZmNjhiNCIsInVzZXJfaWQiOiIxIn0.7a962GkoLZ9kOMNa6qIRXLITSzeNxTX2ILZrSWMt1bc	2025-11-10 17:39:10.132434-05	2025-11-11 17:39:10-05	1	af2025effb29472ebbe3ed90a46f68b4
\.


--
-- Name: api_mediacontent_media_id_seq; Type: SEQUENCE SET; Schema: public; Owner: postgres
--

SELECT pg_catalog.setval('public.api_mediacontent_media_id_seq', 5, true);


--
-- Name: api_rating_id_seq; Type: SEQUENCE SET; Schema: public; Owner: postgres
--

SELECT pg_catalog.setval('public.api_rating_id_seq', 11, true);


--
-- Name: api_userprofile_id_seq; Type: SEQUENCE SET; Schema: public; Owner: postgres
--

SELECT pg_catalog.setval('public.api_userprofile_id_seq', 2, true);


--
-- Name: auth_group_id_seq; Type: SEQUENCE SET; Schema: public; Owner: postgres
--

SELECT pg_catalog.setval('public.auth_group_id_seq', 1, false);


--
-- Name: auth_group_permissions_id_seq; Type: SEQUENCE SET; Schema: public; Owner: postgres
--

SELECT pg_catalog.setval('public.auth_group_permissions_id_seq', 1, false);


--
-- Name: auth_permission_id_seq; Type: SEQUENCE SET; Schema: public; Owner: postgres
--

SELECT pg_catalog.setval('public.auth_permission_id_seq', 48, true);


--
-- Name: auth_user_groups_id_seq; Type: SEQUENCE SET; Schema: public; Owner: postgres
--

SELECT pg_catalog.setval('public.auth_user_groups_id_seq', 1, false);


--
-- Name: auth_user_id_seq; Type: SEQUENCE SET; Schema: public; Owner: postgres
--

SELECT pg_catalog.setval('public.auth_user_id_seq', 4, true);


--
-- Name: auth_user_user_permissions_id_seq; Type: SEQUENCE SET; Schema: public; Owner: postgres
--

SELECT pg_catalog.setval('public.auth_user_user_permissions_id_seq', 1, false);


--
-- Name: django_admin_log_id_seq; Type: SEQUENCE SET; Schema: public; Owner: postgres
--

SELECT pg_catalog.setval('public.django_admin_log_id_seq', 1, false);


--
-- Name: django_content_type_id_seq; Type: SEQUENCE SET; Schema: public; Owner: postgres
--

SELECT pg_catalog.setval('public.django_content_type_id_seq', 12, true);


--
-- Name: django_migrations_id_seq; Type: SEQUENCE SET; Schema: public; Owner: postgres
--

SELECT pg_catalog.setval('public.django_migrations_id_seq', 34, true);


--
-- Name: token_blacklist_blacklistedtoken_id_seq; Type: SEQUENCE SET; Schema: public; Owner: postgres
--

SELECT pg_catalog.setval('public.token_blacklist_blacklistedtoken_id_seq', 1, false);


--
-- Name: token_blacklist_outstandingtoken_id_seq; Type: SEQUENCE SET; Schema: public; Owner: postgres
--

SELECT pg_catalog.setval('public.token_blacklist_outstandingtoken_id_seq', 15, true);


--
-- Name: api_mediacontent api_mediacontent_pkey; Type: CONSTRAINT; Schema: public; Owner: postgres
--

ALTER TABLE ONLY public.api_mediacontent
    ADD CONSTRAINT api_mediacontent_pkey PRIMARY KEY (media_id);


--
-- Name: api_rating api_rating_pkey; Type: CONSTRAINT; Schema: public; Owner: postgres
--

ALTER TABLE ONLY public.api_rating
    ADD CONSTRAINT api_rating_pkey PRIMARY KEY (id);


--
-- Name: api_userprofile api_userprofile_pkey; Type: CONSTRAINT; Schema: public; Owner: postgres
--

ALTER TABLE ONLY public.api_userprofile
    ADD CONSTRAINT api_userprofile_pkey PRIMARY KEY (id);


--
-- Name: api_userprofile api_userprofile_user_id_key; Type: CONSTRAINT; Schema: public; Owner: postgres
--

ALTER TABLE ONLY public.api_userprofile
    ADD CONSTRAINT api_userprofile_user_id_key UNIQUE (user_id);


--
-- Name: auth_group auth_group_name_key; Type: CONSTRAINT; Schema: public; Owner: postgres
--

ALTER TABLE ONLY public.auth_group
    ADD CONSTRAINT auth_group_name_key UNIQUE (name);


--
-- Name: auth_group_permissions auth_group_permissions_group_id_permission_id_0cd325b0_uniq; Type: CONSTRAINT; Schema: public; Owner: postgres
--

ALTER TABLE ONLY public.auth_group_permissions
    ADD CONSTRAINT auth_group_permissions_group_id_permission_id_0cd325b0_uniq UNIQUE (group_id, permission_id);


--
-- Name: auth_group_permissions auth_group_permissions_pkey; Type: CONSTRAINT; Schema: public; Owner: postgres
--

ALTER TABLE ONLY public.auth_group_permissions
    ADD CONSTRAINT auth_group_permissions_pkey PRIMARY KEY (id);


--
-- Name: auth_group auth_group_pkey; Type: CONSTRAINT; Schema: public; Owner: postgres
--

ALTER TABLE ONLY public.auth_group
    ADD CONSTRAINT auth_group_pkey PRIMARY KEY (id);


--
-- Name: auth_permission auth_permission_content_type_id_codename_01ab375a_uniq; Type: CONSTRAINT; Schema: public; Owner: postgres
--

ALTER TABLE ONLY public.auth_permission
    ADD CONSTRAINT auth_permission_content_type_id_codename_01ab375a_uniq UNIQUE (content_type_id, codename);


--
-- Name: auth_permission auth_permission_pkey; Type: CONSTRAINT; Schema: public; Owner: postgres
--

ALTER TABLE ONLY public.auth_permission
    ADD CONSTRAINT auth_permission_pkey PRIMARY KEY (id);


--
-- Name: auth_user_groups auth_user_groups_pkey; Type: CONSTRAINT; Schema: public; Owner: postgres
--

ALTER TABLE ONLY public.auth_user_groups
    ADD CONSTRAINT auth_user_groups_pkey PRIMARY KEY (id);


--
-- Name: auth_user_groups auth_user_groups_user_id_group_id_94350c0c_uniq; Type: CONSTRAINT; Schema: public; Owner: postgres
--

ALTER TABLE ONLY public.auth_user_groups
    ADD CONSTRAINT auth_user_groups_user_id_group_id_94350c0c_uniq UNIQUE (user_id, group_id);


--
-- Name: auth_user auth_user_pkey; Type: CONSTRAINT; Schema: public; Owner: postgres
--

ALTER TABLE ONLY public.auth_user
    ADD CONSTRAINT auth_user_pkey PRIMARY KEY (id);


--
-- Name: auth_user_user_permissions auth_user_user_permissions_pkey; Type: CONSTRAINT; Schema: public; Owner: postgres
--

ALTER TABLE ONLY public.auth_user_user_permissions
    ADD CONSTRAINT auth_user_user_permissions_pkey PRIMARY KEY (id);


--
-- Name: auth_user_user_permissions auth_user_user_permissions_user_id_permission_id_14a6b632_uniq; Type: CONSTRAINT; Schema: public; Owner: postgres
--

ALTER TABLE ONLY public.auth_user_user_permissions
    ADD CONSTRAINT auth_user_user_permissions_user_id_permission_id_14a6b632_uniq UNIQUE (user_id, permission_id);


--
-- Name: auth_user auth_user_username_key; Type: CONSTRAINT; Schema: public; Owner: postgres
--

ALTER TABLE ONLY public.auth_user
    ADD CONSTRAINT auth_user_username_key UNIQUE (username);


--
-- Name: django_admin_log django_admin_log_pkey; Type: CONSTRAINT; Schema: public; Owner: postgres
--

ALTER TABLE ONLY public.django_admin_log
    ADD CONSTRAINT django_admin_log_pkey PRIMARY KEY (id);


--
-- Name: django_content_type django_content_type_app_label_model_76bd3d3b_uniq; Type: CONSTRAINT; Schema: public; Owner: postgres
--

ALTER TABLE ONLY public.django_content_type
    ADD CONSTRAINT django_content_type_app_label_model_76bd3d3b_uniq UNIQUE (app_label, model);


--
-- Name: django_content_type django_content_type_pkey; Type: CONSTRAINT; Schema: public; Owner: postgres
--

ALTER TABLE ONLY public.django_content_type
    ADD CONSTRAINT django_content_type_pkey PRIMARY KEY (id);


--
-- Name: django_migrations django_migrations_pkey; Type: CONSTRAINT; Schema: public; Owner: postgres
--

ALTER TABLE ONLY public.django_migrations
    ADD CONSTRAINT django_migrations_pkey PRIMARY KEY (id);


--
-- Name: django_session django_session_pkey; Type: CONSTRAINT; Schema: public; Owner: postgres
--

ALTER TABLE ONLY public.django_session
    ADD CONSTRAINT django_session_pkey PRIMARY KEY (session_key);


--
-- Name: token_blacklist_blacklistedtoken token_blacklist_blacklistedtoken_pkey; Type: CONSTRAINT; Schema: public; Owner: postgres
--

ALTER TABLE ONLY public.token_blacklist_blacklistedtoken
    ADD CONSTRAINT token_blacklist_blacklistedtoken_pkey PRIMARY KEY (id);


--
-- Name: token_blacklist_blacklistedtoken token_blacklist_blacklistedtoken_token_id_key; Type: CONSTRAINT; Schema: public; Owner: postgres
--

ALTER TABLE ONLY public.token_blacklist_blacklistedtoken
    ADD CONSTRAINT token_blacklist_blacklistedtoken_token_id_key UNIQUE (token_id);


--
-- Name: token_blacklist_outstandingtoken token_blacklist_outstandingtoken_jti_hex_d9bdf6f7_uniq; Type: CONSTRAINT; Schema: public; Owner: postgres
--

ALTER TABLE ONLY public.token_blacklist_outstandingtoken
    ADD CONSTRAINT token_blacklist_outstandingtoken_jti_hex_d9bdf6f7_uniq UNIQUE (jti);


--
-- Name: token_blacklist_outstandingtoken token_blacklist_outstandingtoken_pkey; Type: CONSTRAINT; Schema: public; Owner: postgres
--

ALTER TABLE ONLY public.token_blacklist_outstandingtoken
    ADD CONSTRAINT token_blacklist_outstandingtoken_pkey PRIMARY KEY (id);


--
-- Name: api_rating_media_id_3e66777c; Type: INDEX; Schema: public; Owner: postgres
--

CREATE INDEX api_rating_media_id_3e66777c ON public.api_rating USING btree (media_id);


--
-- Name: api_rating_user_id_3968cfe8; Type: INDEX; Schema: public; Owner: postgres
--

CREATE INDEX api_rating_user_id_3968cfe8 ON public.api_rating USING btree (user_id);


--
-- Name: auth_group_name_a6ea08ec_like; Type: INDEX; Schema: public; Owner: postgres
--

CREATE INDEX auth_group_name_a6ea08ec_like ON public.auth_group USING btree (name varchar_pattern_ops);


--
-- Name: auth_group_permissions_group_id_b120cbf9; Type: INDEX; Schema: public; Owner: postgres
--

CREATE INDEX auth_group_permissions_group_id_b120cbf9 ON public.auth_group_permissions USING btree (group_id);


--
-- Name: auth_group_permissions_permission_id_84c5c92e; Type: INDEX; Schema: public; Owner: postgres
--

CREATE INDEX auth_group_permissions_permission_id_84c5c92e ON public.auth_group_permissions USING btree (permission_id);


--
-- Name: auth_permission_content_type_id_2f476e4b; Type: INDEX; Schema: public; Owner: postgres
--

CREATE INDEX auth_permission_content_type_id_2f476e4b ON public.auth_permission USING btree (content_type_id);


--
-- Name: auth_user_groups_group_id_97559544; Type: INDEX; Schema: public; Owner: postgres
--

CREATE INDEX auth_user_groups_group_id_97559544 ON public.auth_user_groups USING btree (group_id);


--
-- Name: auth_user_groups_user_id_6a12ed8b; Type: INDEX; Schema: public; Owner: postgres
--

CREATE INDEX auth_user_groups_user_id_6a12ed8b ON public.auth_user_groups USING btree (user_id);


--
-- Name: auth_user_user_permissions_permission_id_1fbb5f2c; Type: INDEX; Schema: public; Owner: postgres
--

CREATE INDEX auth_user_user_permissions_permission_id_1fbb5f2c ON public.auth_user_user_permissions USING btree (permission_id);


--
-- Name: auth_user_user_permissions_user_id_a95ead1b; Type: INDEX; Schema: public; Owner: postgres
--

CREATE INDEX auth_user_user_permissions_user_id_a95ead1b ON public.auth_user_user_permissions USING btree (user_id);


--
-- Name: auth_user_username_6821ab7c_like; Type: INDEX; Schema: public; Owner: postgres
--

CREATE INDEX auth_user_username_6821ab7c_like ON public.auth_user USING btree (username varchar_pattern_ops);


--
-- Name: django_admin_log_content_type_id_c4bce8eb; Type: INDEX; Schema: public; Owner: postgres
--

CREATE INDEX django_admin_log_content_type_id_c4bce8eb ON public.django_admin_log USING btree (content_type_id);


--
-- Name: django_admin_log_user_id_c564eba6; Type: INDEX; Schema: public; Owner: postgres
--

CREATE INDEX django_admin_log_user_id_c564eba6 ON public.django_admin_log USING btree (user_id);


--
-- Name: django_session_expire_date_a5c62663; Type: INDEX; Schema: public; Owner: postgres
--

CREATE INDEX django_session_expire_date_a5c62663 ON public.django_session USING btree (expire_date);


--
-- Name: django_session_session_key_c0390e0f_like; Type: INDEX; Schema: public; Owner: postgres
--

CREATE INDEX django_session_session_key_c0390e0f_like ON public.django_session USING btree (session_key varchar_pattern_ops);


--
-- Name: token_blacklist_outstandingtoken_jti_hex_d9bdf6f7_like; Type: INDEX; Schema: public; Owner: postgres
--

CREATE INDEX token_blacklist_outstandingtoken_jti_hex_d9bdf6f7_like ON public.token_blacklist_outstandingtoken USING btree (jti varchar_pattern_ops);


--
-- Name: token_blacklist_outstandingtoken_user_id_83bc629a; Type: INDEX; Schema: public; Owner: postgres
--

CREATE INDEX token_blacklist_outstandingtoken_user_id_83bc629a ON public.token_blacklist_outstandingtoken USING btree (user_id);


--
-- Name: api_rating api_rating_media_id_3e66777c_fk_api_mediacontent_media_id; Type: FK CONSTRAINT; Schema: public; Owner: postgres
--

ALTER TABLE ONLY public.api_rating
    ADD CONSTRAINT api_rating_media_id_3e66777c_fk_api_mediacontent_media_id FOREIGN KEY (media_id) REFERENCES public.api_mediacontent(media_id) DEFERRABLE INITIALLY DEFERRED;


--
-- Name: api_rating api_rating_user_id_3968cfe8_fk_auth_user_id; Type: FK CONSTRAINT; Schema: public; Owner: postgres
--

ALTER TABLE ONLY public.api_rating
    ADD CONSTRAINT api_rating_user_id_3968cfe8_fk_auth_user_id FOREIGN KEY (user_id) REFERENCES public.auth_user(id) DEFERRABLE INITIALLY DEFERRED;


--
-- Name: api_userprofile api_userprofile_user_id_5a1c1c92_fk_auth_user_id; Type: FK CONSTRAINT; Schema: public; Owner: postgres
--

ALTER TABLE ONLY public.api_userprofile
    ADD CONSTRAINT api_userprofile_user_id_5a1c1c92_fk_auth_user_id FOREIGN KEY (user_id) REFERENCES public.auth_user(id) DEFERRABLE INITIALLY DEFERRED;


--
-- Name: auth_group_permissions auth_group_permissio_permission_id_84c5c92e_fk_auth_perm; Type: FK CONSTRAINT; Schema: public; Owner: postgres
--

ALTER TABLE ONLY public.auth_group_permissions
    ADD CONSTRAINT auth_group_permissio_permission_id_84c5c92e_fk_auth_perm FOREIGN KEY (permission_id) REFERENCES public.auth_permission(id) DEFERRABLE INITIALLY DEFERRED;


--
-- Name: auth_group_permissions auth_group_permissions_group_id_b120cbf9_fk_auth_group_id; Type: FK CONSTRAINT; Schema: public; Owner: postgres
--

ALTER TABLE ONLY public.auth_group_permissions
    ADD CONSTRAINT auth_group_permissions_group_id_b120cbf9_fk_auth_group_id FOREIGN KEY (group_id) REFERENCES public.auth_group(id) DEFERRABLE INITIALLY DEFERRED;


--
-- Name: auth_permission auth_permission_content_type_id_2f476e4b_fk_django_co; Type: FK CONSTRAINT; Schema: public; Owner: postgres
--

ALTER TABLE ONLY public.auth_permission
    ADD CONSTRAINT auth_permission_content_type_id_2f476e4b_fk_django_co FOREIGN KEY (content_type_id) REFERENCES public.django_content_type(id) DEFERRABLE INITIALLY DEFERRED;


--
-- Name: auth_user_groups auth_user_groups_group_id_97559544_fk_auth_group_id; Type: FK CONSTRAINT; Schema: public; Owner: postgres
--

ALTER TABLE ONLY public.auth_user_groups
    ADD CONSTRAINT auth_user_groups_group_id_97559544_fk_auth_group_id FOREIGN KEY (group_id) REFERENCES public.auth_group(id) DEFERRABLE INITIALLY DEFERRED;


--
-- Name: auth_user_groups auth_user_groups_user_id_6a12ed8b_fk_auth_user_id; Type: FK CONSTRAINT; Schema: public; Owner: postgres
--

ALTER TABLE ONLY public.auth_user_groups
    ADD CONSTRAINT auth_user_groups_user_id_6a12ed8b_fk_auth_user_id FOREIGN KEY (user_id) REFERENCES public.auth_user(id) DEFERRABLE INITIALLY DEFERRED;


--
-- Name: auth_user_user_permissions auth_user_user_permi_permission_id_1fbb5f2c_fk_auth_perm; Type: FK CONSTRAINT; Schema: public; Owner: postgres
--

ALTER TABLE ONLY public.auth_user_user_permissions
    ADD CONSTRAINT auth_user_user_permi_permission_id_1fbb5f2c_fk_auth_perm FOREIGN KEY (permission_id) REFERENCES public.auth_permission(id) DEFERRABLE INITIALLY DEFERRED;


--
-- Name: auth_user_user_permissions auth_user_user_permissions_user_id_a95ead1b_fk_auth_user_id; Type: FK CONSTRAINT; Schema: public; Owner: postgres
--

ALTER TABLE ONLY public.auth_user_user_permissions
    ADD CONSTRAINT auth_user_user_permissions_user_id_a95ead1b_fk_auth_user_id FOREIGN KEY (user_id) REFERENCES public.auth_user(id) DEFERRABLE INITIALLY DEFERRED;


--
-- Name: django_admin_log django_admin_log_content_type_id_c4bce8eb_fk_django_co; Type: FK CONSTRAINT; Schema: public; Owner: postgres
--

ALTER TABLE ONLY public.django_admin_log
    ADD CONSTRAINT django_admin_log_content_type_id_c4bce8eb_fk_django_co FOREIGN KEY (content_type_id) REFERENCES public.django_content_type(id) DEFERRABLE INITIALLY DEFERRED;


--
-- Name: django_admin_log django_admin_log_user_id_c564eba6_fk_auth_user_id; Type: FK CONSTRAINT; Schema: public; Owner: postgres
--

ALTER TABLE ONLY public.django_admin_log
    ADD CONSTRAINT django_admin_log_user_id_c564eba6_fk_auth_user_id FOREIGN KEY (user_id) REFERENCES public.auth_user(id) DEFERRABLE INITIALLY DEFERRED;


--
-- Name: token_blacklist_blacklistedtoken token_blacklist_blacklistedtoken_token_id_3cc7fe56_fk; Type: FK CONSTRAINT; Schema: public; Owner: postgres
--

ALTER TABLE ONLY public.token_blacklist_blacklistedtoken
    ADD CONSTRAINT token_blacklist_blacklistedtoken_token_id_3cc7fe56_fk FOREIGN KEY (token_id) REFERENCES public.token_blacklist_outstandingtoken(id) DEFERRABLE INITIALLY DEFERRED;


--
-- Name: token_blacklist_outstandingtoken token_blacklist_outs_user_id_83bc629a_fk_auth_user; Type: FK CONSTRAINT; Schema: public; Owner: postgres
--

ALTER TABLE ONLY public.token_blacklist_outstandingtoken
    ADD CONSTRAINT token_blacklist_outs_user_id_83bc629a_fk_auth_user FOREIGN KEY (user_id) REFERENCES public.auth_user(id) DEFERRABLE INITIALLY DEFERRED;


--
-- PostgreSQL database dump complete
--

\unrestrict I8gE9b18x9NGQ5BQuMbKVye54dlQDgVypvX2xahYjUnwg281aQ37u0epuykvPHI

